{"cameraMode":{"drawMode":0,"name":"Shaded","section":"Shading Mode"},"sceneLighting":true,"audioPlay":false,"sceneViewState":{"showFog":true,"showMaterialUpdate":false,"showSkybox":true,"showFlares":true,"showImageEffects":true,"showParticleSystems":true},"in2DMode":false,"pivot":{"x":0.0670706182718277,"y":0.1247992292046547,"z":1.161957025527954},"rotation":{"x":-0.07223960012197495,"y":0.014059605076909066,"z":-0.0010184351122006775,"w":-0.9972877502441406},"size":22.0,"orthographic":false}