{"cameraMode":{"drawMode":0,"name":"Shaded","section":"Shading Mode"},"sceneLighting":false,"audioPlay":false,"sceneViewState":{"showFog":true,"showMaterialUpdate":false,"showSkybox":true,"showFlares":true,"showImageEffects":true,"showParticleSystems":true},"in2DMode":false,"pivot":{"x":-0.004672721028327942,"y":0.5758540034294128,"z":1.0},"rotation":{"x":0.06261062622070313,"y":0.03502100333571434,"z":0.0021983380429446699,"w":-0.9974209666252136},"size":2.5350587368011476,"orthographic":false}